feature,importance
src_bytes,0.12960858628488084
count,0.09022762416290911
srv_count,0.09015150521238524
service,0.08886885946895719
logged_in,0.08273614606497101
dst_host_srv_count,0.07097547543606128
dst_host_diff_srv_rate,0.049761985989232746
dst_bytes,0.04754681188670123
protocol_type,0.040895306148837324
dst_host_same_srv_rate,0.03744914394429562
dst_host_same_src_port_rate,0.03324244370790723
dst_host_count,0.031742373787287434
dst_host_srv_diff_host_rate,0.029682211640578632
diff_srv_rate,0.019272900509861045
dst_host_rerror_rate,0.015766603407957595
hot,0.015127170557216664
dst_host_serror_rate,0.013930754305973172
flag,0.012513440122281186
same_srv_rate,0.011973488994495567
rerror_rate,0.01175895147488675
srv_rerror_rate,0.011716049312557892
srv_diff_host_rate,0.009187473400536711
serror_rate,0.008673226743911805
dst_host_srv_serror_rate,0.007960600768146192
srv_serror_rate,0.007289929384574057
dst_host_srv_rerror_rate,0.007179962384464882
is_guest_login,0.005925363701183004
duration,0.005319142948579253
num_compromised,0.0034775892726815806
root_shell,0.0026874369875508324
num_failed_logins,0.0024065994069275994
num_file_creations,0.0019417232191479264
num_root,0.0010050456625043526
num_access_files,0.0008261388843049299
wrong_fragment,0.0007860425727601763
num_shells,0.0003595661117829865
su_attempted,2.6326130708940787e-05
urgent,0.0
land,0.0
num_outbound_cmds,0.0
is_host_login,0.0
