Model,Accuracy,Precision,Recall,F1-Score,ROC-AUC,Training Time (s),Prediction Time (s),Total Time (s)
SVM-Linear,0.6538461538461539,0.6894091415830547,0.6538461538461539,0.6208496669022985,0.9202935654548557,0.006051778793334961,0.0009856224060058594,0.00703740119934082
SVM-RBF,0.717948717948718,0.7882173382173383,0.717948717948718,0.7219501512979775,0.9356184436829599,0.005996227264404297,0.0,0.005996227264404297
Random Forest,0.9487179487179487,0.9490551398074023,0.9487179487179487,0.9476759799340445,0.9944825186760671,0.10852551460266113,0.015137672424316406,0.12366318702697754
Gradient Boosting,0.8974358974358975,0.9031129545835429,0.8974358974358975,0.8968258553766143,0.995102866070608,0.28081822395324707,0.002025127410888672,0.28284335136413574
Logistic Regression,0.6794871794871795,0.6967670011148273,0.6794871794871795,0.6420452841505472,0.9224729869891161,0.012139081954956055,0.0,0.012139081954956055
KNN (k=5),0.7692307692307693,0.7665765034186087,0.7692307692307693,0.7630786491295151,0.9325413236703559,0.003000020980834961,0.023162841796875,0.02616286277770996
