Model,Accuracy,Precision,Recall,F1-Score,ROC-AUC,Training Time (s),Prediction Time (s),Total Time (s)
SVM-Linear,1.0,1.0,1.0,1.0,1.0,0.009008646011352539,0.0,0.009008646011352539
SVM-RBF,1.0,1.0,1.0,1.0,1.0,0.025079727172851562,0.003477811813354492,0.028557538986206055
SVM-Poly,1.0,1.0,1.0,1.0,1.0,0.010986089706420898,0.0009980201721191406,0.011984109878540039
SVM-Sigmoid,0.9813333333333333,0.9762532981530343,0.9866666666666667,0.9814323607427056,0.9950684444444444,0.03374314308166504,0.003003358840942383,0.03674650192260742
Random Forest,1.0,1.0,1.0,1.0,1.0,0.12406063079833984,0.031102418899536133,0.15516304969787598
Gradient Boosting,0.9993333333333333,0.9986684420772304,1.0,0.9993337774816788,1.0,0.15164542198181152,0.001001119613647461,0.15264654159545898
Logistic Regression,1.0,1.0,1.0,1.0,1.0,0.011055469512939453,0.0,0.011055469512939453
KNN (k=5),1.0,1.0,1.0,1.0,1.0,0.005228996276855469,0.06097984313964844,0.0662088394165039
