Dataset Size,Mean Quantum F1,Std Quantum F1,Classical F1,Difference,t-statistic,p-value,Significant (alpha=0.05)
50,0.9876543209876543,0.017459426695964213,1.0,-0.012345679012345734,-1.0,0.42264973081037427,No
100,0.9871794871794872,0.01813094310734736,1.0,-0.012820512820512775,-0.999999999999997,0.4226497308103754,No
200,1.0,0.0,1.0,0.0,,,No
